{
    "***++--//": 0.8855096363932923,
    "****//*//": 0.9720705094119475,
    "****/////": 0.940702093324344,
    "***///*//": 0.9508371903189623,
    "***///**/": 0.9720705094119475,
    "*****////": 0.9720705094119475,
    "+++--**//": 0.9703178689678631,
    "+****////": 0.9697391771967545,
    "+**+-/-*/": 0.8750071873295096,
    "+-****///": 0.9720705094119475,
    "+-*++--*/": 0.9636133874638912,
    "+-*+-**//": 0.9720705094119475,
    "+-*+-*+-/": 0.9679925994810552,
    "+-**//**/": 0.9357556373577736,
    "+-*///***": 0.9278286572641832,
    "+-***/*//": 0.9720918153327933,
    "+-***////": 0.8549310530997694,
    "+-*+*/-*/": 0.9601507994618259,
    "+--+***//": 0.9602330793865181,
    "+--+**+-/": 0.9586290732111671,
    "+--+-**//": 0.8868597885304701,
    "+--+-*+-/": 0.8824877646246431,
    "*//****//": 0.8620954110008161,
    "-**///**/": 0.8937859085456157,
    "-****////": 0.9722631053794717,
    "**/***///": 0.9720705094119475,
    "**/+-**//": 0.9048023908215039,
    "**/+-*+-/": 0.9025770900113752,
    "**/**/*//": 0.9623390300656223
}