{
    "****//*//": 0.9602506715659898,
    "****/////": 0.923260506333345,
    "***///*//": 0.9332464873472642,
    "***///**/": 0.9602506715659898,
    "*****////": 0.9602506715659898,
    "+++--**//": 0.9583852422731709,
    "+****////": 0.9581532033189404,
    "+-****///": 0.9602506715659898,
    "+-*++--*/": 0.9489142875369754,
    "+-*+-**//": 0.9602506715659898,
    "+-*+-*+-/": 0.9558353264795971,
    "+-**//**/": 0.9266489268003928,
    "+-*///***": 0.9193283909664347,
    "+-***/*//": 0.9602704049518507,
    "+-*+*/-*/": 0.9329342751503376,
    "+--+***//": 0.9474387707957534,
    "+--+**+-/": 0.9472167702048175,
    "-****////": 0.9604134719993427,
    "**/***///": 0.9602506715659898,
    "**/+-**//": 0.9028979353852185,
    "**/+-*+-/": 0.9010087772082989,
    "**/**/*//": 0.9512374475739906
}