{
    "***++--//": 0.9491503995465661,
    "****//*//": 0.984621647571579,
    "****/////": 0.9745024997115157,
    "***///*//": 0.9833287830259343,
    "***///**/": 0.984621647571579,
    "*****////": 0.984621647571579,
    "***+*/-//": 0.8967759600246423,
    "+++--**//": 0.9846423711861434,
    "++-+--+--": 0.8359894425946389,
    "++--***//": 0.8725056354819847,
    "++--**///": 0.8725598539103645,
    "++--**+-/": 0.8357345343029601,
    "++-**/+--": 0.8382676845894084,
    "++-**/-*/": 0.8197453069332667,
    "++----+*/": 0.8359914344121693,
    "++--*/**/": 0.8725056354819847,
    "+**--*+//": 0.8527619960298446,
    "+**///**/": 0.8746624275671078,
    "+****////": 0.9826514461306758,
    "+**+-/-*/": 0.9117510449986965,
    "+-****///": 0.984621647571579,
    "+-*++--*/": 0.9846355791821237,
    "+-*+-**//": 0.984621647571579,
    "+-*+-*+-/": 0.984621647571579,
    "+-*--*+//": 0.8995139982202752,
    "+-**//**/": 0.9458250590316948,
    "+-*///***": 0.9383155559538496,
    "+-***/*//": 0.9846491631901632,
    "+-***////": 0.885321001366059,
    "+-*+*/-*/": 0.98020150405725,
    "+-*+-/-*/": 0.8525912024417266,
    "+--***///": 0.8657531672152035,
    "+--+***//": 0.9765747209540152,
    "+--+**+-/": 0.9737196472925185,
    "+--+-**//": 0.8949646483101152,
    "+--+-*+-/": 0.8938880744074875,
    "+---*/++-": 0.8548545732979345,
    "+---*/+*/": 0.8360894286090494,
    "+--++*-*/": 0.8322267095625984,
    "+--++*-//": 0.8322267095625984,
    "*//****//": 0.8553355463972154,
    "*//+-*+--": 0.868869896125676,
    "*//+-*-*/": 0.8639246100332801,
    "*//-***//": 0.8354023094948129,
    "*//-**+-/": 0.8350223275402638,
    "*//++*--*": 0.8102539530426449,
    "*//++*--/": 0.8102539530426449,
    "-***//*//": 0.8360894286090494,
    "-***//+-/": 0.8670106675176859,
    "-**///+-*": 0.8360894286090494,
    "-**///**/": 0.9193627895138015,
    "-****////": 0.9849422194484861,
    "**/***///": 0.984621647571579,
    "**/++-+--": 0.8547117956749861,
    "**/+-**//": 0.9083040316652463,
    "**/+-*+-/": 0.9103389176437844,
    "**/--*+//": 0.9411321787938942,
    "**/+--*//": 0.8429622671496126,
    "**/+--+-/": 0.8352778624926253,
    "**/**/*//": 0.972108366563037,
    "**/**/+-/": 0.8523398605868637,
    "**/-*/+*/": 0.8409340356041395,
    "**/-*/+//": 0.8411833349325595,
    "**/++*-//": 0.8145663632007667
}